{"error": false, "size": [1280, 720], "name": "One winter from the live of Knyaz", "version": "0.1", "location": {"label": {}, "define": {"config.check_conflicting_properties": ["game/gui.rpy", 15], "gui.accent_color": ["game/gui.rpy", 490], "gui.idle_color": ["game/gui.rpy", 496], "gui.idle_small_color": ["game/gui.rpy", 497], "gui.hover_color": ["game/gui.rpy", 498], "gui.selected_color": ["game/gui.rpy", 499], "gui.insensitive_color": ["game/gui.rpy", 500], "gui.muted_color": ["game/gui.rpy", 49], "gui.hover_muted_color": ["game/gui.rpy", 50], "gui.text_color": ["game/gui.rpy", 503], "gui.interface_text_color": ["game/gui.rpy", 504], "gui.text_font": ["game/gui.rpy", 60], "gui.name_text_font": ["game/gui.rpy", 63], "gui.interface_text_font": ["game/gui.rpy", 66], "gui.text_size": ["game/gui.rpy", 69], "gui.name_text_size": ["game/gui.rpy", 72], "gui.interface_text_size": ["game/gui.rpy", 75], "gui.label_text_size": ["game/gui.rpy", 78], "gui.notify_text_size": ["game/gui.rpy", 81], "gui.title_text_size": ["game/gui.rpy", 84], "gui.main_menu_background": ["game/gui.rpy", 90], "gui.game_menu_background": ["game/gui.rpy", 91], "gui.textbox_height": ["game/gui.rpy", 100], "gui.textbox_yalign": ["game/gui.rpy", 104], "gui.name_xpos": ["game/gui.rpy", 109], "gui.name_ypos": ["game/gui.rpy", 110], "gui.name_xalign": ["game/gui.rpy", 114], "gui.namebox_width": ["game/gui.rpy", 118], "gui.namebox_height": ["game/gui.rpy", 119], "gui.namebox_borders": ["game/gui.rpy", 123], "gui.namebox_tile": ["game/gui.rpy", 127], "gui.dialogue_xpos": ["game/gui.rpy", 133], "gui.dialogue_ypos": ["game/gui.rpy", 134], "gui.dialogue_width": ["game/gui.rpy", 137], "gui.dialogue_text_xalign": ["game/gui.rpy", 141], "gui.button_width": ["game/gui.rpy", 517], "gui.button_height": ["game/gui.rpy", 518], "gui.button_borders": ["game/gui.rpy", 519], "gui.button_tile": ["game/gui.rpy", 520], "gui.button_text_font": ["game/gui.rpy", 523], "gui.button_text_size": ["game/gui.rpy", 524], "gui.button_text_idle_color": ["game/gui.rpy", 525], "gui.button_text_hover_color": ["game/gui.rpy", 526], "gui.button_text_selected_color": ["game/gui.rpy", 527], "gui.button_text_insensitive_color": ["game/gui.rpy", 528], "gui.button_text_xalign": ["game/gui.rpy", 529], "gui.radio_button_borders": ["game/gui.rpy", 183], "gui.check_button_borders": ["game/gui.rpy", 185], "gui.confirm_button_text_xalign": ["game/gui.rpy", 187], "gui.page_button_borders": ["game/gui.rpy", 189], "gui.quick_button_borders": ["game/gui.rpy", 191], "gui.quick_button_text_size": ["game/gui.rpy", 192], "gui.quick_button_text_idle_color": ["game/gui.rpy", 193], "gui.quick_button_text_selected_color": ["game/gui.rpy", 194], "gui.choice_button_width": ["game/gui.rpy", 534], "gui.choice_button_height": ["game/gui.rpy", 535], "gui.choice_button_tile": ["game/gui.rpy", 536], "gui.choice_button_borders": ["game/gui.rpy", 537], "gui.choice_button_text_font": ["game/gui.rpy", 538], "gui.choice_button_text_size": ["game/gui.rpy", 539], "gui.choice_button_text_xalign": ["game/gui.rpy", 540], "gui.choice_button_text_idle_color": ["game/gui.rpy", 541], "gui.choice_button_text_hover_color": ["game/gui.rpy", 542], "gui.choice_button_text_insensitive_color": ["game/gui.rpy", 543], "gui.slot_button_width": ["game/gui.rpy", 226], "gui.slot_button_height": ["game/gui.rpy", 227], "gui.slot_button_borders": ["game/gui.rpy", 228], "gui.slot_button_text_size": ["game/gui.rpy", 229], "gui.slot_button_text_xalign": ["game/gui.rpy", 230], "gui.slot_button_text_idle_color": ["game/gui.rpy", 231], "gui.slot_button_text_selected_idle_color": ["game/gui.rpy", 232], "gui.slot_button_text_selected_hover_color": ["game/gui.rpy", 233], "config.thumbnail_width": ["game/gui.rpy", 236], "config.thumbnail_height": ["game/gui.rpy", 237], "gui.file_slot_cols": ["game/gui.rpy", 240], "gui.file_slot_rows": ["game/gui.rpy", 241], "gui.navigation_xpos": ["game/gui.rpy", 251], "gui.skip_ypos": ["game/gui.rpy", 254], "gui.notify_ypos": ["game/gui.rpy", 257], "gui.choice_spacing": ["game/gui.rpy", 260], "gui.navigation_spacing": ["game/gui.rpy", 263], "gui.pref_spacing": ["game/gui.rpy", 266], "gui.pref_button_spacing": ["game/gui.rpy", 269], "gui.page_spacing": ["game/gui.rpy", 272], "gui.slot_spacing": ["game/gui.rpy", 275], "gui.main_menu_text_xalign": ["game/gui.rpy", 278], "gui.frame_borders": ["game/gui.rpy", 567], "gui.confirm_frame_borders": ["game/gui.rpy", 568], "gui.skip_frame_borders": ["game/gui.rpy", 569], "gui.notify_frame_borders": ["game/gui.rpy", 570], "gui.frame_tile": ["game/gui.rpy", 571], "gui.bar_size": ["game/gui.rpy", 548], "gui.scrollbar_size": ["game/gui.rpy", 549], "gui.slider_size": ["game/gui.rpy", 550], "gui.bar_tile": ["game/gui.rpy", 552], "gui.scrollbar_tile": ["game/gui.rpy", 553], "gui.slider_tile": ["game/gui.rpy", 554], "gui.bar_borders": ["game/gui.rpy", 556], "gui.scrollbar_borders": ["game/gui.rpy", 557], "gui.slider_borders": ["game/gui.rpy", 558], "gui.vbar_borders": ["game/gui.rpy", 560], "gui.vscrollbar_borders": ["game/gui.rpy", 561], "gui.vslider_borders": ["game/gui.rpy", 562], "gui.unscrollable": ["game/gui.rpy", 332], "config.history_length": ["game/gui.rpy", 340], "gui.history_height": ["game/gui.rpy", 344], "gui.history_spacing": ["game/gui.rpy", 347], "gui.history_name_xpos": ["game/gui.rpy", 351], "gui.history_name_ypos": ["game/gui.rpy", 352], "gui.history_name_width": ["game/gui.rpy", 353], "gui.history_name_xalign": ["game/gui.rpy", 354], "gui.history_text_xpos": ["game/gui.rpy", 357], "gui.history_text_ypos": ["game/gui.rpy", 358], "gui.history_text_width": ["game/gui.rpy", 359], "gui.history_text_xalign": ["game/gui.rpy", 360], "gui.nvl_borders": ["game/gui.rpy", 368], "gui.nvl_list_length": ["game/gui.rpy", 372], "gui.nvl_height": ["game/gui.rpy", 376], "gui.nvl_spacing": ["game/gui.rpy", 380], "gui.nvl_name_xpos": ["game/gui.rpy", 384], "gui.nvl_name_ypos": ["game/gui.rpy", 385], "gui.nvl_name_width": ["game/gui.rpy", 386], "gui.nvl_name_xalign": ["game/gui.rpy", 387], "gui.nvl_text_xpos": ["game/gui.rpy", 390], "gui.nvl_text_ypos": ["game/gui.rpy", 391], "gui.nvl_text_width": ["game/gui.rpy", 392], "gui.nvl_text_xalign": ["game/gui.rpy", 393], "gui.nvl_thought_xpos": ["game/gui.rpy", 397], "gui.nvl_thought_ypos": ["game/gui.rpy", 398], "gui.nvl_thought_width": ["game/gui.rpy", 399], "gui.nvl_thought_xalign": ["game/gui.rpy", 400], "gui.nvl_button_xpos": ["game/gui.rpy", 403], "gui.nvl_button_xalign": ["game/gui.rpy", 404], "gui.language": ["game/gui.rpy", 413], "gui.accent_secondary": ["game/gui.rpy", 493], "gui.frame_background_color": ["game/gui.rpy", 507], "gui.overlay_color": ["game/gui.rpy", 508], "gui.button_hover_background": ["game/gui.rpy", 511], "gui.button_selected_background": ["game/gui.rpy", 512], "gui.customization_preview_size": ["game/gui.rpy", 577], "gui.customization_panel_width": ["game/gui.rpy", 578], "gui.customization_option_height": ["game/gui.rpy", 579], "gui.settings_panel_width": ["game/gui.rpy", 582], "gui.settings_tab_height": ["game/gui.rpy", 583], "gui.settings_slider_width": ["game/gui.rpy", 584], "gui.button_hover_transition": ["game/gui.rpy", 589], "gui.frame_fade_transition": ["game/gui.rpy", 590], "gui.menu_transition": ["game/gui.rpy", 591], "gui.viewport_scroll_speed": ["game/gui.rpy", 596], "gui.viewport_drag_sensitivity": ["game/gui.rpy", 597], "gui.notify_background_color": ["game/gui.rpy", 602], "gui.notify_text_color": ["game/gui.rpy", 603], "gui.notify_duration": ["game/gui.rpy", 604], "gui.customization_category_spacing": ["game/gui.rpy", 610], "gui.customization_option_spacing": ["game/gui.rpy", 611], "gui.settings_section_spacing": ["game/gui.rpy", 614], "gui.settings_option_spacing": ["game/gui.rpy", 615], "gui.history_allow_tags": ["game/screens.rpy", 934], "config.nvl_list_length": ["game/screens.rpy", 1361], "bubble.frame": ["game/screens.rpy", 1474], "bubble.thoughtframe": ["game/screens.rpy", 1475], "bubble.properties": ["game/screens.rpy", 1477], "bubble.expand_area": ["game/screens.rpy", 1503], "cat_tamed": ["game/game_systems.rpy", 87], "cat_fed_today": ["game/game_systems.rpy", 88], "cat_location": ["game/game_systems.rpy", 89], "has_prayed_today": ["game/game_systems.rpy", 90], "current_room": ["game/game_systems.rpy", 91], "soldiers_available": ["game/game_systems.rpy", 92], "scouting_party_sent": ["game/game_systems.rpy", 93], "reception_held_today": ["game/game_systems.rpy", 94], "partner_available": ["game/game_systems.rpy", 97], "partner_name": ["game/game_systems.rpy", 98], "relationship_points": ["game/game_systems.rpy", 99], "priest": ["game/script.rpy", 115], "captain": ["game/script.rpy", 116], "guard": ["game/script.rpy", 117], "governor": ["game/npcs.rpy", 12], "janek": ["game/script.rpy", 118], "cook": ["game/script.rpy", 119], "brother": ["game/script.rpy", 120], "sister": ["game/script.rpy", 121], "merchant": ["game/npcs.rpy", 19], "advisor": ["game/npcs.rpy", 20], "servant": ["game/npcs.rpy", 21], "peasant": ["game/npcs.rpy", 22], "noble": ["game/npcs.rpy", 23], "spy": ["game/npcs.rpy", 24], "healer": ["game/npcs.rpy", 25], "blacksmith": ["game/npcs.rpy", 26], "hunter": ["game/npcs.rpy", 27], "beggar": ["game/npcs.rpy", 28], "prisoner": ["game/npcs.rpy", 29], "messenger": ["game/npcs.rpy", 30], "librarian": ["game/npcs.rpy", 31], "stable_master": ["game/npcs.rpy", 32], "master_at_arms": ["game/npcs.rpy", 33], "tealean_envoy": ["game/npcs.rpy", 36], "northern_trader": ["game/npcs.rpy", 37], "southern_diplomat": ["game/npcs.rpy", 38], "rival_knyaz": ["game/npcs.rpy", 39], "mother": ["game/npcs.rpy", 42], "uncle": ["game/npcs.rpy", 43], "cousin": ["game/npcs.rpy", 44], "old_woman": ["game/npcs.rpy", 47], "mystic": ["game/npcs.rpy", 48], "ghost": ["game/npcs.rpy", 49], "priest_relationship": ["game/npcs.rpy", 217], "captain_relationship": ["game/npcs.rpy", 218], "governor_relationship": ["game/npcs.rpy", 219], "cook_relationship": ["game/npcs.rpy", 220], "brother_relationship": ["game/npcs.rpy", 221], "sister_relationship": ["game/npcs.rpy", 222], "advisor_relationship": ["game/npcs.rpy", 223], "merchant_relationship": ["game/npcs.rpy", 224], "healer_relationship": ["game/npcs.rpy", 225], "blacksmith_relationship": ["game/npcs.rpy", 226], "priest_trust": ["game/npcs.rpy", 229], "captain_trust": ["game/npcs.rpy", 230], "governor_trust": ["game/npcs.rpy", 231], "advisor_trust": ["game/npcs.rpy", 232], "priest_met": ["game/npcs.rpy", 235], "captain_met": ["game/npcs.rpy", 236], "governor_met": ["game/npcs.rpy", 237], "cook_met": ["game/npcs.rpy", 238], "brother_met": ["game/npcs.rpy", 239], "sister_met": ["game/npcs.rpy", 240], "advisor_met": ["game/npcs.rpy", 241], "merchant_met": ["game/npcs.rpy", 242], "merchant_trade_available": ["game/npcs.rpy", 245], "healer_available": ["game/npcs.rpy", 246], "blacksmith_can_craft": ["game/npcs.rpy", 247], "hunter_quest_active": ["game/npcs.rpy", 248], "mystic_encountered": ["game/npcs.rpy", 249], "ghost_seen": ["game/npcs.rpy", 250], "config.name": ["game/script.rpy", 20], "gui.show_name": ["game/script.rpy", 23], "config.version": ["game/script.rpy", 21], "gui.about": ["game/options.rpy", 32], "build.name": ["game/options.rpy", 40], "config.has_sound": ["game/options.rpy", 49], "config.has_music": ["game/options.rpy", 50], "config.has_voice": ["game/options.rpy", 51], "config.enter_transition": ["game/options.rpy", 76], "config.exit_transition": ["game/options.rpy", 77], "config.intra_transition": ["game/options.rpy", 82], "config.after_load_transition": ["game/options.rpy", 87], "config.end_game_transition": ["game/options.rpy", 92], "config.window": ["game/options.rpy", 109], "config.window_show_transition": ["game/options.rpy", 114], "config.window_hide_transition": ["game/options.rpy", 115], "config.save_directory": ["game/script.rpy", 22], "config.window_icon": ["game/options.rpy", 153], "player": ["game/script.rpy", 109], "narrator": ["game/script.rpy", 112]}, "screen": {"say": ["game/screens.rpy", 98], "input": ["game/screens.rpy", 174], "choice": ["game/screens.rpy", 207], "quick_menu": ["game/screens.rpy", 1523], "navigation": ["game/screens.rpy", 291], "main_menu": ["game/script.rpy", 715], "game_menu": ["game/screens.rpy", 419], "about": ["game/screens.rpy", 549], "save": ["game/screens.rpy", 589], "load": ["game/screens.rpy", 596], "file_slots": ["game/screens.rpy", 603], "preferences": ["game/screens.rpy", 734], "history": ["game/screens.rpy", 894], "help": ["game/screens.rpy", 982], "keyboard_help": ["game/screens.rpy", 1011], "mouse_help": ["game/screens.rpy", 1062], "gamepad_help": ["game/screens.rpy", 1085], "confirm": ["game/screens.rpy", 1150], "skip_indicator": ["game/screens.rpy", 1213], "notify": ["game/screens.rpy", 1269], "nvl": ["game/screens.rpy", 1308], "nvl_dialogue": ["game/screens.rpy", 1340], "bubble": ["game/screens.rpy", 1428], "appearance_customization_screen_v2": ["game/screens.rpy", 1674], "enhanced_preferences": ["game/screens.rpy", 1975], "save_appearance_button": ["game/screens.rpy", 2130], "save_appearance_dialog": ["game/screens.rpy", 2136], "load_appearance_presets": ["game/screens.rpy", 2206], "action_menu": ["game/game_systems.rpy", 105], "palace_walls_actions": ["game/game_systems.rpy", 171], "bedroom_actions": ["game/game_systems.rpy", 185], "cabinet_actions": ["game/game_systems.rpy", 202], "refectory_actions": ["game/game_systems.rpy", 217], "prison_actions": ["game/game_systems.rpy", 232], "map_room_actions": ["game/game_systems.rpy", 246], "throne_room_actions": ["game/game_systems.rpy", 261], "garden_actions": ["game/game_systems.rpy", 275], "watchtower_actions": ["game/game_systems.rpy", 294], "room_navigation": ["game/game_systems.rpy", 312], "customization_row": ["game/script.rpy", 454], "appearance_customization_screen": ["game/script.rpy", 482], "hud": ["game/script.rpy", 1188], "palace_map_screen": ["game/script.rpy", 669], "character_appearance_menu": ["game/script.rpy", 1226], "character_stats_screen": ["game/script.rpy", 1284], "saved_appearances_manager": ["game/script.rpy", 1566]}, "transform": {"delayed_blink": ["game/screens.rpy", 1231], "notify_appear": ["game/screens.rpy", 1280], "player_left": ["game/script.rpy", 30], "player_center": ["game/script.rpy", 35], "player_right": ["game/script.rpy", 40], "player_far_left": ["game/script.rpy", 45], "player_far_right": ["game/script.rpy", 50], "player_enter_left": ["game/script.rpy", 56], "player_enter_right": ["game/script.rpy", 62], "player_enter_center": ["game/script.rpy", 68], "player_exit_left": ["game/script.rpy", 75], "player_exit_right": ["game/script.rpy", 81], "player_talking": ["game/script.rpy", 88], "player_focus": ["game/script.rpy", 98], "player_normal": ["game/script.rpy", 102]}, "callable": {"touch": ["game/gui.rpy", 424], "small": ["game/gui.rpy", 431], "randomize_appearance": ["game/screens.rpy", 1894], "reset_appearance": ["game/screens.rpy", 1925], "save_appearance_preset": ["game/screens.rpy", 2176], "load_appearance_preset": ["game/screens.rpy", 2201], "GameTime.__init__": ["game/game_systems.rpy", 32], "GameTime.advance_time": ["game/game_systems.rpy", 40], "GameTime.get_time_string": ["game/game_systems.rpy", 55], "GameTime.get_time_of_day": ["game/game_systems.rpy", 63], "GameTime.is_breakfast_time": ["game/game_systems.rpy", 74], "GameTime.is_lunch_time": ["game/game_systems.rpy", 77], "GameTime.is_dinner_time": ["game/game_systems.rpy", 80], "get_priest_greeting": ["game/npcs.rpy", 257], "get_captain_greeting": ["game/npcs.rpy", 266], "get_governor_greeting": ["game/npcs.rpy", 275], "get_cook_greeting": ["game/npcs.rpy", 284], "change_npc_relationship": ["game/npcs.rpy", 293], "get_npc_info": ["game/npcs.rpy", 406], "random_npc_encounter": ["game/npcs.rpy", 510], "safe_cycle_option": ["game/script.rpy", 1445], "export_appearance_to_file": ["game/script.rpy", 1492], "import_appearance_from_preset": ["game/script.rpy", 1528], "delete_appearance_preset": ["game/script.rpy", 1552]}}, "build": {"directory_name": "Onewinterfromtheliveofknyazhestvo-0.1", "executable_name": "Onewinterfromtheliveofknyazhestvo", "include_update": false, "packages": [{"name": "gameonly", "formats": ["null"], "file_lists": ["all"], "description": "Game-Only Update for Mobile", "update": true, "dlc": false, "hidden": true}, {"name": "pc", "formats": ["zip"], "file_lists": ["windows", "linux", "renpy", "all"], "description": "PC: Windows and Linux", "update": true, "dlc": false, "hidden": false}, {"name": "linux", "formats": ["tar.bz2"], "file_lists": ["linux", "linux_arm", "renpy", "all"], "description": "Linux", "update": true, "dlc": false, "hidden": false}, {"name": "mac", "formats": ["app-zip", "app-dmg"], "file_lists": ["mac", "renpy", "all"], "description": "Macintosh", "update": true, "dlc": false, "hidden": false}, {"name": "win", "formats": ["zip"], "file_lists": ["windows", "renpy", "all"], "description": "Windows", "update": true, "dlc": false, "hidden": false}, {"name": "market", "formats": ["bare-zip"], "file_lists": ["windows", "linux", "mac", "renpy", "all"], "description": "Windows, Mac, Linux for Markets", "update": true, "dlc": false, "hidden": false}, {"name": "steam", "formats": ["zip"], "file_lists": ["windows", "linux", "mac", "renpy", "all"], "description": "steam", "update": true, "dlc": false, "hidden": true}, {"name": "android", "formats": ["directory"], "file_lists": ["android", "all"], "description": "android", "update": false, "dlc": true, "hidden": true}, {"name": "ios", "formats": ["directory"], "file_lists": ["ios", "all"], "description": "ios", "update": false, "dlc": true, "hidden": true}, {"name": "web", "formats": ["zip"], "file_lists": ["web", "renpy", "all"], "description": "web", "update": false, "dlc": true, "hidden": true}], "archives": [["archive", ["all"]]], "documentation_patterns": ["*.html", "*.txt"], "base_patterns": [["*.py", null], ["*.sh", null], ["*.app/", null], ["*.dll", null], ["*.manifest", null], ["*.keystore", null], ["**.rpe.py", null], ["update.pem", null], ["lib/", null], ["renpy/", null], ["update/", null], ["common/", null], ["update/", null], ["old-game/", null], ["base/", null], ["icon.ico", null], ["icon.icns", null], ["project.json", null], ["log.txt", null], ["errors.txt", null], ["traceback.txt", null], ["image_cache.txt", null], ["text_overflow.txt", null], ["dialogue.txt", null], ["dialogue.tab", null], ["profile_screen.txt", null], ["files.txt", null], ["memory.txt", null], ["tmp/", null], ["game/saves/", null], ["game/bytecode.rpyb", null], ["archived/", null], ["launcherinfo.py", null], ["android.txt", null], ["game/presplash*.*", ["all"]], ["android.json", ["android"]], [".android.json", ["android"]], ["android-*.png", ["android"]], ["android-*.jpg", ["android"]], ["ouya_icon.png", null], ["ios-presplash.*", ["ios"]], ["ios-launchimage.png", null], ["ios-icon.png", null], ["web-presplash.png", ["web"]], ["web-presplash.jpg", ["web"]], ["web-presplash.webp", ["web"]], ["web-icon.png", ["web"]], ["progressive_download.txt", ["web"]], ["steam_appid.txt", null], ["game/cache/bytecode-312.rpyb", ["all"]], ["game/cache/bytecode-*.rpyb", null], ["game/cache/build_info.json", null], ["game/cache/build_time.txt", null], ["**~", null], ["**.bak", null], ["**/.**", null], ["**/#**", null], ["**/thumbs.db", null], [".*", null], ["**", ["all"]]], "renpy_patterns": [["renpy/common/_compat/**", null], ["renpy/common/_roundrect/**", null], ["renpy/common/_outline/**", null], ["renpy/common/_theme**", null], ["renpy/**__pycache__/**.cpython-312.pyc", ["all"]], ["renpy/**__pycache__", ["all"]], ["**~", null], ["**/#*", null], ["**/.*", null], ["**.old", null], ["**.new", null], ["**.rpa", null], ["**.rpe", null], ["**.rpe.py", null], ["**/steam_appid.txt", null], ["renpy.py", ["all"]], ["renpy/", ["all"]], ["renpy/**.py", ["renpy"]], ["renpy/**.pxd", null], ["renpy/**.pxi", null], ["renpy/**.pyx", null], ["renpy/**.pyc", null], ["renpy/**.pyo", null], ["renpy/common/", ["all"]], ["renpy/common/_compat/**", ["renpy"]], ["renpy/common/**.rpy", ["renpy"]], ["renpy/common/**.rpym", ["renpy"]], ["renpy/common/_compat/**", ["renpy"]], ["renpy/common/**", ["all"]], ["renpy/**", ["all"]], ["lib/*/renpy", null], ["lib/*/renpy.exe", null], ["lib/*/pythonw.exe", null], ["lib/py2-*/", null], ["lib/py*-windows-i686/**", ["windows_i686"]], ["lib/py*-windows-x86_64/**", ["windows"]], ["lib/py*-linux-i686/**", ["linux_i686"]], ["lib/py*-linux-aarch64/**", ["linux_arm"]], ["lib/py*-linux-armv7l/**", ["linux_arm"]], ["lib/py*-linux-*/**", ["linux"]], ["lib/py*-mac-*/**", ["mac"]], ["lib/python2.*/**", null], ["lib/**", ["windows", "linux", "mac", "android", "ios"]], ["renpy.sh", ["linux", "mac"]]], "xbit_patterns": ["**.sh", "lib/py*-linux-*/*", "lib/py*-mac-*/*", "**.app/Contents/MacOS/*"], "version": "0.1", "display_name": "One winter from the live of Knyaz", "exclude_empty_directories": true, "allow_integrated_gpu": true, "renpy": false, "script_version": true, "destination": "Onewinterfromtheliveofknyazhestvo-0.1-dists", "itch_channels": {"*-all.zip": "win-osx-linux", "*-market.zip": "win-osx-linux", "*-pc.zip": "win-linux", "*-win.zip": "win", "*-mac.zip": "osx", "*-linux.tar.bz2": "linux", "*-release.apk": "android"}, "mac_info_plist": {}, "merge": [["linux_i686", "linux"], ["windows_i686", "windows"]], "include_i686": true, "change_icon_i686": true, "android_permissions": [], "_sdk_fonts": false, "update_formats": ["rpu"], "info": {"info": {}, "time": 1761048984.3300676, "name": "One winter from the live of Knyaz", "version": "0.1"}}}